ID,PredictedStrength
1,39.04
2,65.77
3,27.89
4,25.03
5,31.96
6,52.68
7,12.55
8,34.28
9,20.36
10,53.06
11,31.15
12,42.83
13,40.69
14,10.07
15,26.97
16,40.34
17,15.66
18,16.95
19,26.93
20,16.75
21,44.66
22,51.41
23,29.62
24,73.09
25,50.38
26,40.15
27,22.6
28,39.09
29,13.14
30,24.57
31,42.24
32,46.44
33,37.56
34,18.19
35,9.27
36,18.71
37,45.44
38,39.14
39,40.25
40,67.88
41,51.23
42,36.89
43,66.36
44,39.64
45,6.78
46,21.23
47,42.48
48,41.14
49,36.11
50,73.8
51,32.98
52,45.52
53,72.96
54,46.94
55,55.54
56,36.84
57,16.11
58,34.14
59,51.89
60,18.87
