Cement,BlastFurnaceSlag,FlyAsh,Water,Superplasticizer,CoarseAggregate,FineAggregate,Age,Strength
329.9,170.0,0.0,193.8,8.0,802.1,812.0,29.0,56.61
526.1,0.0,0.2,186.8,0.0,1122.1,620.7,14.1,48.4
391.9,96.6,0.3,157.8,12.0,873.4,925.2,27.8,50.7
213.1,0.0,122.1,180.1,5.7,1051.7,784.6,57.3,34.2
257.0,100.5,78.8,203.0,9.1,846.9,760.6,28.1,32.4
430.0,47.6,0.3,227.4,0.0,937.5,606.0,88.6,41.54
191.0,0.3,125.5,166.6,9.8,1077.7,786.0,55.7,31.72
135.9,0.1,164.9,178.8,10.0,960.7,818.3,28.0,13.29
473.2,117.1,0.0,181.3,8.9,845.6,783.8,28.4,68.3
281.2,200.4,0.0,142.7,11.4,993.1,820.9,27.8,67.7
315.8,206.9,0.0,185.3,0.1,971.0,683.8,27.6,38.7
313.1,143.0,0.1,178.1,8.0,995.3,687.3,27.8,41.05
282.9,0.0,0.1,191.3,0.0,928.7,879.5,90.6,32.07
233.5,0.2,93.6,200.3,4.6,949.0,856.4,27.8,22.84
252.0,0.0,97.4,143.4,12.3,1009.0,902.7,56.0,44.14
176.1,129.6,119.8,180.6,3.6,969.1,744.3,56.2,48.59
281.1,0.0,0.3,183.4,0.0,1106.4,768.5,27.7,22.44
535.6,0.0,0.0,140.9,28.4,860.4,916.2,6.9,46.9
283.0,122.4,94.7,189.6,9.2,909.8,686.2,28.3,43.8
306.2,0.0,0.0,194.1,0.0,960.6,815.7,177.1,34.49
328.6,17.4,163.0,168.7,18.0,986.1,655.7,28.0,47.28
180.8,274.6,0.2,186.9,0.0,1003.7,720.5,7.1,12.37
217.2,99.0,25.2,180.2,6.9,1077.0,788.8,98.8,53.9
165.2,0.2,200.1,180.3,13.2,850.6,849.8,27.3,15.09
235.7,0.0,0.3,191.9,0.0,980.7,888.6,7.0,9.99
117.4,176.1,0.0,193.1,0.0,915.9,896.0,28.0,22.35
191.6,185.7,0.2,230.4,0.0,929.5,677.7,173.2,46.93
182.6,45.8,121.2,170.9,8.2,1040.9,788.9,14.2,21.5
234.2,0.1,0.1,192.6,0.0,939.8,864.8,359.9,25.08
196.0,0.5,100.5,167.7,7.4,1005.8,907.4,56.6,33.96
251.8,0.0,101.2,146.1,12.4,1014.0,914.1,3.0,21.02
309.2,202.2,0.1,201.8,0.0,972.7,623.9,87.4,54.6
299.7,136.1,107.8,203.7,6.0,883.3,666.7,28.1,53.52
234.6,0.1,95.1,186.2,7.0,940.8,862.1,57.2,39.59
160.1,249.7,0.0,168.1,12.0,1028.0,686.7,27.9,39.45
166.0,127.1,134.9,176.6,8.2,996.9,739.1,28.0,46.39
354.2,189.2,0.2,164.6,11.7,930.0,763.8,56.7,77.3
227.2,0.3,0.0,182.2,0.0,1112.4,839.8,7.0,11.17
138.7,208.8,0.0,195.2,0.0,1046.4,813.4,91.1,39.36
249.4,166.1,0.0,197.6,0.0,969.0,694.5,7.0,19.35
107.2,164.4,0.1,202.6,0.0,934.6,863.2,7.0,7.72
382.7,20.1,93.3,157.4,14.3,940.2,834.6,6.9,36.84
392.6,189.6,0.4,145.6,22.0,950.9,758.4,3.0,40.6
152.5,0.3,111.9,183.3,7.9,986.1,813.9,28.5,12.18
171.4,13.3,173.7,158.1,4.0,1005.8,865.8,3.0,21.29
379.3,91.4,0.2,127.1,23.2,842.0,1006.4,3.0,29.0
355.0,0.4,0.2,202.2,0.0,965.1,771.3,28.6,27.34
153.6,0.0,185.4,168.2,11.9,994.4,776.7,28.0,15.57
259.0,98.7,78.5,199.5,8.7,879.0,767.0,27.7,32.4
381.2,20.2,94.6,154.1,14.2,953.7,851.8,6.8,45.9
198.4,131.0,0.1,196.3,0.0,996.3,827.1,2.9,9.13
380.2,0.7,0.0,183.2,0.0,1038.8,737.3,28.2,37.42
158.1,0.3,193.5,221.1,11.1,903.3,714.9,29.0,8.54
278.1,118.6,91.5,193.5,7.0,946.9,667.0,27.6,43.57
326.7,141.3,0.1,224.3,0.0,916.3,589.6,267.1,40.27
181.0,45.5,121.1,171.1,8.2,1047.8,777.9,99.5,48.67
378.4,0.4,0.0,214.9,0.0,980.0,762.4,54.5,36.3
429.1,105.6,0.0,154.3,16.6,856.2,893.4,28.1,60.29
311.4,266.7,0.0,176.0,8.6,1053.1,618.7,3.0,28.8
213.5,0.1,123.0,183.3,5.8,1051.5,781.5,14.0,20.92
423.3,106.6,0.5,151.6,18.4,953.7,803.1,6.9,46.8
280.2,180.1,122.2,160.9,10.4,827.1,767.4,27.7,76.24
124.0,180.2,0.0,204.4,0.0,955.7,789.5,28.1,24.29
234.6,0.0,95.0,198.9,4.6,958.4,836.5,97.1,34.56
164.3,0.0,165.0,176.5,4.4,1061.1,771.2,14.1,25.48
493.6,25.8,122.8,200.6,3.8,815.3,695.5,7.1,37.92
199.6,133.2,0.3,192.0,0.0,969.6,819.4,28.0,30.44
295.2,0.0,0.0,183.3,0.0,1063.2,779.0,7.0,14.8
223.9,0.4,95.6,187.0,4.5,953.5,864.8,3.0,11.58
251.9,0.0,93.6,185.7,5.5,945.6,859.4,13.8,24.92
208.9,0.0,126.6,157.5,7.8,1078.2,784.3,13.9,31.35
337.3,144.7,0.0,230.1,0.0,923.3,591.7,359.0,41.05
388.6,20.3,95.2,154.6,14.4,941.2,836.0,55.5,56.34
190.5,0.1,125.1,159.8,9.8,1069.1,816.7,3.0,9.45
180.0,123.8,0.2,201.7,0.0,977.2,811.6,89.1,32.53
400.8,0.0,0.0,189.0,0.0,1018.0,736.0,7.0,30.14
239.9,353.6,0.0,188.1,0.0,941.4,664.8,27.9,39.44
429.0,107.2,0.0,151.8,16.5,858.7,884.1,28.5,60.29
157.6,189.9,0.2,174.1,11.3,995.2,778.9,27.5,32.77
329.8,0.0,0.0,190.9,0.0,969.8,828.6,87.6,37.23
282.9,15.4,138.9,176.3,5.5,849.3,794.5,28.3,43.73
134.6,207.9,0.8,196.2,3.0,946.3,776.8,28.9,31.03
322.6,162.9,0.0,190.5,4.5,872.2,764.1,27.9,57.22
195.1,0.2,100.4,165.0,7.5,1017.2,902.6,101.1,37.34
483.6,0.0,0.0,192.4,0.0,939.2,713.3,89.9,54.28
255.8,0.0,0.1,198.9,0.0,988.0,862.7,181.1,27.63
273.7,0.5,88.0,200.9,10.7,929.5,760.6,28.0,32.25
386.4,20.0,93.5,157.0,13.9,939.5,848.1,28.1,46.68
316.3,0.0,0.0,206.4,0.0,953.6,789.0,14.1,20.77
378.0,0.1,0.1,223.8,0.0,924.1,660.9,91.3,52.91
315.5,0.1,0.7,174.4,8.0,988.5,810.9,28.0,25.1
182.0,0.7,168.0,167.0,7.9,1060.4,785.6,28.1,27.77
500.9,0.0,0.0,197.9,0.0,1105.6,611.6,28.2,44.09
228.3,0.0,119.8,196.1,6.2,1053.5,755.2,101.4,40.86
162.5,253.7,0.0,169.6,12.1,1037.5,687.3,28.9,39.46
151.3,0.0,145.4,197.3,9.2,883.3,878.0,27.6,9.74
220.8,0.2,175.6,156.5,11.5,1030.0,782.1,14.2,29.59
485.9,26.1,123.5,198.3,3.9,834.4,694.1,3.0,29.55
183.2,0.4,168.8,169.4,7.6,1048.8,782.3,13.9,21.6
102.7,153.7,0.1,190.9,0.0,871.1,936.0,28.0,17.28
400.0,0.3,0.0,189.4,0.0,1019.8,746.0,28.3,43.7
361.5,18.8,141.6,154.9,10.8,939.3,791.3,28.8,59.49
233.3,162.7,0.0,186.7,0.0,1035.6,735.5,28.2,26.91
198.6,0.0,0.2,181.3,0.0,1134.9,833.1,7.1,7.84
311.5,164.9,0.0,175.8,9.9,917.4,752.0,27.9,52.44
250.8,0.2,0.0,201.3,0.0,966.6,873.2,89.4,26.94
494.8,0.3,0.4,198.0,0.0,1126.3,611.9,7.2,33.21
160.6,190.8,0.0,173.5,10.9,1005.7,795.5,28.8,32.76
362.3,189.0,0.0,166.6,11.6,950.8,750.7,7.0,55.9
277.3,0.0,94.9,160.9,11.9,960.2,880.0,3.0,23.14
102.2,151.4,0.0,192.0,0.0,890.8,941.8,6.8,7.68
210.6,0.0,121.7,178.0,5.8,1055.8,774.0,27.5,24.9
267.5,111.1,85.2,197.1,5.8,854.5,781.9,28.5,41.54
297.1,0.0,107.2,162.8,12.9,942.2,780.5,28.2,35.87
203.9,11.0,142.4,203.6,1.7,949.8,788.9,56.6,23.25
197.1,134.6,0.0,192.1,0.0,962.7,809.1,3.0,11.41
138.7,207.9,0.0,193.1,0.0,1028.5,794.4,7.1,14.59
132.5,164.4,126.3,172.2,9.9,915.2,763.2,28.4,29.07
377.9,0.1,0.0,183.8,0.0,1028.1,750.7,28.2,38.21
336.1,0.1,0.0,192.2,0.0,973.1,831.9,364.3,41.24
153.3,145.3,114.2,178.6,8.0,868.5,811.1,28.0,26.23
192.8,0.0,124.5,168.9,9.8,1069.1,789.0,29.0,24.85
305.1,0.0,0.6,193.9,0.0,966.0,818.2,89.3,32.92
349.3,0.1,0.0,187.4,0.0,1051.2,771.8,7.1,20.28
147.5,175.6,0.3,171.7,2.2,989.8,851.4,28.2,26.92
532.0,0.3,0.2,189.0,0.0,1128.2,615.7,3.0,33.8
392.5,19.5,95.5,159.2,11.6,935.8,853.2,27.5,46.68
210.5,0.3,175.6,158.1,11.6,1036.4,768.7,102.7,52.96
423.2,107.0,0.2,155.1,16.1,855.3,895.8,7.1,49.2
416.4,22.3,131.7,172.5,8.5,825.8,739.9,28.6,62.05
170.1,93.4,159.8,172.1,9.7,997.7,746.6,28.0,37.81
533.6,0.0,0.1,174.4,0.0,1133.7,613.1,27.6,67.31
312.8,0.4,0.0,193.4,0.0,1020.0,819.8,3.0,11.85
178.7,123.8,0.1,204.2,0.0,961.3,800.2,3.0,4.9
392.9,0.0,0.2,196.3,0.0,943.4,782.7,89.2,48.85
165.2,0.0,164.6,176.7,4.5,1056.0,768.0,56.3,28.63
102.5,151.4,0.3,192.5,0.0,877.6,931.8,88.7,25.46
295.0,0.0,94.2,173.8,8.9,958.2,854.1,14.2,35.23
212.8,97.0,24.7,179.1,6.8,1067.4,789.5,14.2,30.39
170.8,49.9,175.3,165.5,6.5,1002.5,803.1,27.5,38.2
145.0,0.0,135.0,183.5,11.2,986.4,817.9,28.3,13.2
188.5,124.2,0.0,187.7,0.0,1079.1,758.9,6.9,8.0
277.2,0.2,0.1,189.3,0.0,973.3,857.7,178.8,32.33
389.0,19.9,94.5,155.4,14.2,946.6,856.7,28.0,50.24
335.7,0.0,0.0,191.3,0.0,873.1,832.4,2.9,13.52
424.4,21.8,134.0,167.9,9.0,818.2,746.9,7.2,40.29
169.6,129.3,130.1,174.0,7.9,995.6,741.3,13.8,31.81
447.6,24.7,80.0,162.0,11.7,979.5,707.1,55.8,56.14
232.1,0.0,117.5,193.3,6.2,1006.5,752.5,56.6,31.35
380.1,96.9,0.1,228.4,0.0,931.0,600.4,89.7,40.56
276.4,0.0,0.0,189.8,0.0,968.1,857.6,90.3,31.25
479.9,0.0,0.0,190.0,0.0,938.6,707.9,28.1,43.94
374.9,19.7,93.3,159.2,14.0,946.9,849.7,56.5,47.97
224.4,0.0,96.1,187.5,4.5,963.9,889.8,27.9,24.89
524.8,0.0,0.0,188.9,0.0,1118.5,618.5,270.5,67.11
313.6,148.6,0.1,180.8,7.9,998.8,679.8,28.0,41.05
214.5,0.0,174.1,156.4,10.3,1061.1,780.2,14.3,33.73
314.1,0.6,0.0,192.6,0.0,965.3,847.5,6.9,14.99
286.3,199.9,0.0,143.5,11.3,992.9,807.6,3.0,24.4
257.4,0.0,0.3,190.5,0.0,888.2,951.1,7.0,10.22
150.4,146.0,114.8,177.3,7.9,874.8,833.4,28.2,26.23
173.0,13.9,172.3,158.3,4.1,1005.2,847.0,55.5,35.85
317.7,269.7,0.1,173.9,8.7,1045.2,620.0,57.4,64.9
164.8,0.7,144.4,160.4,0.0,999.0,888.9,100.3,37.96
392.8,190.2,0.2,146.9,22.0,955.8,763.8,90.2,82.6
239.9,238.0,0.3,226.4,0.0,921.3,600.3,267.8,38.41
332.3,188.8,0.3,171.6,9.5,944.3,765.8,3.0,24.1
143.4,171.4,133.1,173.9,11.1,904.0,778.5,28.2,44.61
238.4,157.8,0.1,185.5,0.0,1038.4,719.2,7.0,15.69
336.9,0.0,0.4,180.1,3.4,982.2,812.8,27.6,44.87
235.1,0.1,119.1,197.0,6.1,1033.0,758.0,14.0,22.32
210.9,97.4,24.1,182.2,6.8,1063.6,791.5,14.0,17.84
383.0,19.4,93.4,155.4,13.9,931.1,847.0,3.1,25.51
180.7,129.1,117.4,176.9,3.6,1007.1,750.6,14.2,34.24
198.1,0.0,100.1,171.5,7.6,1002.0,906.0,14.0,24.28
298.4,0.0,118.0,176.7,9.5,1028.7,746.0,100.8,56.74
149.3,176.1,0.0,170.7,2.0,999.1,829.8,28.6,26.92
291.9,0.0,104.5,220.0,10.6,824.4,777.1,28.1,31.42
270.9,116.4,90.7,178.6,9.0,875.3,770.5,28.2,44.28
139.0,161.7,128.7,240.3,5.8,869.8,649.3,28.4,35.23
247.7,0.3,118.8,185.5,6.4,1031.0,765.4,99.7,44.21
296.6,0.4,105.2,223.0,11.1,821.9,781.3,28.3,31.42
517.1,0.0,0.0,187.2,0.0,1132.4,625.4,90.0,58.78
374.8,0.5,0.3,185.5,0.0,1056.5,754.8,7.2,24.07
320.9,278.9,0.0,182.6,10.5,949.7,655.9,57.8,80.2
171.6,13.0,171.2,155.2,4.1,990.2,860.9,14.4,29.75
191.4,0.3,99.9,164.4,7.5,1004.2,908.4,14.0,24.99
151.8,143.5,0.0,177.0,7.9,1014.4,838.1,27.1,19.01
235.2,0.0,96.2,194.8,4.7,929.8,850.5,55.2,27.66
173.2,115.2,0.0,191.8,0.0,941.3,872.1,28.2,24.28
217.6,0.1,124.8,161.1,11.4,1071.3,802.2,27.2,30.22
324.9,0.0,137.9,199.3,10.9,799.1,780.1,27.5,40.68
214.7,0.3,99.6,157.2,8.7,1012.4,914.0,101.3,42.92
387.0,0.2,0.0,183.8,0.0,972.0,756.4,3.1,14.7
140.6,0.4,175.6,156.5,17.9,945.6,851.3,28.2,15.42
328.8,0.2,0.2,192.5,0.0,941.2,853.2,3.1,15.62
143.9,231.3,0.0,202.6,3.0,830.0,866.8,27.4,33.06
431.4,106.7,0.0,154.0,16.4,851.8,885.3,2.9,33.4
251.5,0.0,117.4,190.1,5.8,1028.3,765.7,3.0,17.22
315.4,143.9,111.8,178.4,8.1,864.0,687.3,27.9,46.23
148.1,116.5,90.6,185.0,7.1,949.8,781.8,27.8,23.52
235.3,242.3,0.0,226.1,0.0,940.0,597.0,368.1,39.0
247.1,0.2,101.9,154.2,12.7,1000.1,888.6,14.0,28.68
154.1,244.3,0.1,179.1,11.2,1021.8,697.3,28.8,37.36
226.6,146.7,0.3,186.4,0.0,1063.1,752.0,28.2,25.75
285.3,200.8,0.0,146.4,11.2,998.1,796.9,56.6,72.99
359.4,18.6,139.6,153.8,10.7,940.7,796.3,55.2,68.75
307.5,0.0,0.0,188.5,0.0,1006.7,835.8,27.9,27.83
306.3,0.0,0.2,193.8,0.0,958.8,855.0,3.0,9.87
324.9,162.4,0.0,186.4,4.9,853.7,780.6,28.1,57.21
421.2,106.4,0.0,152.7,18.4,926.2,811.2,90.8,66.7
301.5,0.3,0.2,204.8,0.0,974.0,823.6,28.1,21.75
471.0,119.4,0.0,180.6,8.8,862.9,778.9,54.8,72.3
314.9,215.0,0.0,153.5,14.1,866.6,869.8,55.7,66.1
401.9,94.0,0.4,145.4,11.5,943.9,846.0,7.0,54.1
191.7,286.6,0.0,193.3,0.0,914.1,714.0,89.0,50.73
155.4,146.3,112.9,176.5,8.0,1014.5,682.4,27.8,25.56
381.5,0.3,0.0,225.7,0.0,925.6,664.7,370.3,52.52
136.3,197.9,98.0,196.8,6.1,840.7,797.0,28.1,26.97
392.8,188.1,0.4,146.0,21.7,945.1,744.7,55.6,79.4
311.8,0.4,112.5,169.4,10.1,931.5,796.2,27.8,38.46
215.9,98.1,24.7,181.3,6.8,1070.9,780.1,27.5,40.23
400.7,96.4,0.0,145.6,11.5,945.3,856.7,56.9,73.7
172.5,94.9,161.7,171.8,9.6,1006.5,754.5,54.8,48.99
434.2,107.0,0.2,155.6,16.5,856.9,893.7,3.0,33.4
164.8,0.0,144.4,166.4,0.0,1007.8,891.5,56.7,36.56
176.4,92.8,160.9,170.4,9.6,1016.4,742.1,100.6,50.94
225.9,346.5,0.0,186.2,0.0,942.7,673.5,7.0,21.92
216.7,53.4,121.0,142.0,11.9,1071.6,776.6,55.8,61.99
156.6,184.6,0.0,192.4,9.0,1049.2,704.1,27.2,18.28
288.8,119.2,0.4,176.3,6.9,908.9,825.8,27.3,42.13
153.6,141.8,113.7,225.0,10.0,936.4,660.8,27.6,16.5
123.2,185.0,0.1,204.8,0.0,966.6,796.9,7.2,10.35
134.3,202.3,0.5,192.1,0.0,916.8,851.9,6.9,13.66
313.1,0.0,112.5,175.7,7.9,998.4,695.8,27.4,36.8
392.5,188.2,0.0,145.1,22.1,944.2,755.6,27.5,74.5
287.7,15.5,141.8,178.7,5.4,856.1,802.8,55.8,44.52
184.5,122.7,0.0,204.9,0.0,971.7,805.3,27.6,24.05
176.6,130.4,117.4,181.6,3.6,1010.0,746.0,3.0,20.73
243.3,89.5,72.4,243.5,6.1,848.3,692.0,28.2,28.63
168.0,42.3,160.9,121.6,5.6,1062.4,764.7,14.1,17.82
387.2,0.2,0.4,185.1,0.0,972.8,754.1,28.0,31.35
148.6,0.0,136.8,158.3,15.9,1000.4,833.9,28.2,17.95
186.9,121.8,0.0,198.4,0.0,962.4,802.7,6.9,10.79
524.5,0.1,0.0,182.7,7.0,916.5,703.0,28.5,56.83
208.2,0.2,101.8,159.4,10.4,998.3,904.2,56.5,44.4
279.9,97.7,24.6,158.5,11.1,1074.6,782.5,3.0,30.45
212.9,0.0,100.1,158.1,10.5,986.1,904.3,14.3,25.37
336.7,0.2,0.0,184.1,0.0,1084.5,750.8,27.2,31.84
144.5,0.0,173.1,157.7,18.0,941.7,833.5,27.9,15.42
364.0,19.0,142.3,154.9,10.9,945.7,807.1,57.6,66.78
276.7,0.0,121.0,160.2,9.9,1044.5,767.3,28.4,51.33
316.0,0.4,124.4,213.9,6.0,867.4,738.5,27.7,40.06
360.7,189.9,0.0,164.6,11.4,957.0,759.9,27.8,71.3
516.1,0.0,0.2,147.6,0.0,900.2,904.2,7.1,50.51
378.9,0.0,0.0,214.8,0.0,1011.9,750.6,3.0,16.28
249.8,0.0,117.1,187.0,5.8,1038.3,746.3,14.0,29.93
152.2,102.9,0.0,189.5,0.0,889.2,948.9,7.0,8.37
146.7,0.0,138.4,161.2,16.1,1004.1,837.0,27.2,17.96
357.5,189.0,0.0,166.9,11.7,951.0,755.9,56.5,77.3
330.2,0.3,0.2,189.2,0.0,990.0,829.0,28.1,31.45
232.9,0.0,120.4,174.0,6.7,1057.8,781.4,98.9,45.84
333.1,0.3,0.0,193.2,0.0,957.4,776.3,178.8,36.45
236.8,0.2,0.0,193.7,0.0,959.5,894.5,174.2,24.1
381.7,94.4,0.0,226.7,0.0,931.8,591.5,28.0,36.45
361.5,19.0,141.9,152.0,10.8,935.6,796.7,2.9,25.12
169.8,154.5,0.0,185.4,0.0,1027.4,727.4,28.5,25.73
316.9,212.1,0.0,156.1,14.3,842.6,863.3,3.0,25.2
252.9,0.0,0.0,187.5,0.0,1118.4,792.6,6.9,11.47
275.1,182.5,0.2,186.5,0.0,1013.5,706.2,28.3,31.38
165.4,252.7,0.0,205.2,0.0,979.3,692.0,88.0,43.57
278.1,115.4,90.3,182.7,8.9,862.8,774.3,28.0,44.28
145.9,136.3,105.3,178.9,7.5,929.6,780.4,27.6,26.15
180.7,44.2,123.2,168.8,8.2,1068.2,774.0,3.0,7.32
140.8,206.0,0.0,191.7,0.0,1038.5,821.0,27.5,28.24
381.9,153.1,0.0,153.0,16.2,1127.0,606.1,6.8,47.1
296.5,0.0,108.0,182.5,6.0,889.8,823.3,27.8,42.64
252.1,0.0,96.2,188.3,5.3,943.6,846.6,27.2,27.22
509.9,0.0,0.0,200.6,0.0,1113.0,619.7,1.0,12.64
154.5,143.1,0.0,176.4,8.1,1029.0,808.3,28.2,19.01
425.2,47.5,0.0,231.3,0.0,919.2,588.1,366.8,43.7
429.7,47.6,0.0,228.7,0.0,928.9,582.3,6.9,35.08
264.5,111.9,85.2,192.0,5.0,880.6,737.3,27.8,33.72
427.0,48.0,0.1,232.6,0.0,942.6,584.1,274.6,43.01
194.1,290.2,0.0,183.0,0.0,991.5,686.7,28.0,32.63
379.3,0.3,0.0,187.2,0.0,1050.2,739.2,6.9,24.0
192.5,290.3,0.0,185.5,0.0,1008.3,706.6,7.0,17.2
518.5,0.0,0.0,175.7,5.2,875.0,799.8,28.0,51.02
316.5,279.7,0.0,182.3,10.2,922.3,667.9,28.3,74.7
158.1,240.9,0.0,186.8,0.0,1021.9,724.8,7.1,9.62
143.0,166.1,126.2,177.1,10.7,881.9,782.8,26.8,44.61
163.5,125.4,133.1,172.5,8.0,1022.4,745.3,14.3,33.09
494.1,0.1,59.2,195.2,0.0,1017.6,632.8,28.0,64.02
324.1,280.7,0.0,184.3,10.3,960.2,671.4,2.9,28.3
263.1,113.4,0.2,228.3,0.0,925.0,675.6,179.0,48.7
387.5,189.9,0.0,147.0,22.2,952.2,750.3,6.9,59.09
338.4,0.3,0.0,186.0,0.0,1065.1,756.2,27.7,31.65
260.1,99.8,77.5,172.6,10.3,936.1,775.4,27.7,49.77
358.9,186.1,0.0,167.6,11.6,937.0,755.8,3.0,35.3
276.3,0.0,97.2,159.5,11.7,955.7,877.1,27.8,48.28
324.3,0.1,0.0,201.3,0.0,998.5,803.8,28.2,25.18
431.7,107.9,0.0,156.5,16.6,859.9,887.8,56.3,64.3
154.3,181.5,141.0,192.4,9.0,884.7,697.2,28.2,28.99
332.3,0.0,0.3,188.2,0.0,1001.9,823.2,27.7,31.74
341.1,0.0,0.0,195.1,0.0,975.4,781.8,91.4,35.17
322.8,0.0,129.2,184.9,11.5,872.9,797.1,28.1,37.27
346.7,0.0,0.4,195.3,0.0,1063.4,814.7,6.9,9.01
440.8,23.3,79.4,165.9,10.3,956.3,716.0,55.9,54.77
156.6,0.0,144.8,194.8,9.0,909.4,864.8,27.9,9.74
358.7,121.7,0.1,161.3,8.9,1072.3,652.7,28.0,59.0
331.7,0.0,0.0,191.8,0.0,1032.3,808.1,121.5,39.38
249.4,0.0,101.1,145.5,12.3,1024.0,884.8,13.9,33.36
356.1,184.4,0.2,162.9,11.4,950.5,756.4,90.6,79.3
330.1,142.1,0.2,231.2,0.0,912.7,590.6,27.8,33.02
295.0,0.0,0.5,191.0,0.0,1088.8,767.8,28.0,21.65
249.0,0.1,100.8,160.1,12.7,954.4,888.4,28.1,30.85
255.1,0.0,0.0,200.5,0.0,973.2,866.6,3.0,9.31
465.0,116.6,0.0,137.3,31.8,848.0,837.6,91.0,70.7
475.7,0.0,0.0,196.2,0.0,943.6,718.1,3.0,24.39
383.6,19.7,94.1,157.5,11.6,940.1,843.4,55.1,61.46
304.6,137.2,0.0,215.8,6.1,902.1,722.4,28.3,33.42
251.6,168.0,0.0,207.0,0.0,983.0,698.1,28.0,36.96
165.8,76.0,167.3,165.3,7.9,1002.2,777.4,56.3,53.46
427.8,21.8,130.8,167.4,8.8,837.8,753.5,28.2,72.1
391.8,0.2,0.2,189.9,0.0,941.6,785.9,28.0,39.6
251.1,0.1,124.7,143.6,11.9,1068.2,807.2,3.0,23.52
159.1,207.7,162.7,200.4,7.0,854.9,662.1,27.8,30.88
156.2,183.5,142.1,194.6,9.0,884.4,689.1,27.9,28.99
292.7,0.4,95.8,171.9,8.9,957.1,857.6,55.4,48.72
253.3,0.0,117.0,188.9,6.5,1042.8,741.8,3.0,13.12
164.9,0.2,149.0,183.1,11.7,1014.1,724.1,28.2,18.03
387.8,0.3,0.0,186.3,0.0,1059.9,739.3,7.1,24.0
151.1,0.0,110.9,185.6,8.0,1005.7,812.1,27.6,12.18
366.4,191.3,0.0,162.8,11.5,941.1,760.0,6.8,55.9
358.5,19.0,140.5,155.1,10.7,961.1,791.3,7.1,35.75
351.5,0.0,0.3,192.3,0.0,1072.3,806.4,89.7,39.49
194.5,0.4,101.1,171.7,7.6,982.9,907.9,28.1,37.27
307.5,77.7,0.0,227.5,0.0,939.3,671.1,90.0,49.19
198.0,133.5,0.1,189.6,0.0,957.9,802.0,7.0,17.17
171.2,41.0,126.5,160.7,10.9,1081.8,790.2,97.6,48.15
231.1,0.2,118.4,193.1,4.6,1042.1,754.6,27.9,24.48
480.9,0.3,59.2,141.3,1.9,1091.6,647.9,27.6,57.23
210.6,0.0,101.2,162.0,8.7,999.7,911.9,14.1,26.31
222.4,54.8,123.1,140.1,11.8,1077.5,789.9,13.7,35.96
174.2,93.2,162.2,174.9,9.7,1001.2,747.9,13.9,29.55
328.3,0.2,0.0,193.5,0.0,1031.0,827.7,90.0,37.91
324.0,212.8,0.3,152.0,14.2,834.2,886.1,28.4,55.5
221.3,145.1,0.0,184.7,0.0,1040.4,747.4,7.0,13.09
141.7,211.4,0.1,198.8,0.0,981.6,766.7,87.5,39.66
149.6,0.3,189.4,169.7,16.0,1081.0,679.2,27.9,13.46
140.2,133.6,103.8,199.0,7.5,918.7,755.7,28.8,36.44
323.9,168.4,0.0,175.8,8.7,887.1,784.5,27.9,61.24
150.9,0.0,182.2,167.5,11.6,987.0,766.3,28.2,15.57
167.9,130.4,125.2,176.4,7.8,1001.4,748.7,56.3,51.72
314.1,262.6,0.0,177.0,8.7,1043.2,609.8,6.9,42.8
246.3,0.4,124.1,145.3,11.9,1085.0,789.7,27.8,52.5
501.2,0.0,0.0,150.2,9.1,1014.9,660.1,28.1,69.84
211.4,139.8,0.0,203.7,0.0,980.8,750.1,91.0,39.7
231.9,0.1,116.5,195.3,4.6,1023.2,753.2,55.5,31.54
286.8,189.2,0.2,191.3,0.0,933.5,728.9,90.6,50.53
157.5,232.5,0.0,187.8,0.0,941.9,771.4,7.0,16.89
221.9,0.0,96.7,189.3,4.5,961.0,862.8,55.5,29.45
362.1,189.9,0.2,165.3,12.0,945.8,753.7,6.9,22.9
214.6,0.4,174.1,160.0,11.6,1047.3,764.1,28.2,44.64
249.6,0.0,95.5,190.4,5.5,971.0,864.6,102.2,42.35
250.0,0.0,99.2,159.2,12.9,997.4,897.7,54.7,42.03
294.1,0.0,0.0,186.2,0.0,1049.3,781.6,28.2,25.18
287.3,15.3,141.0,180.6,5.5,856.5,799.6,3.0,13.4
143.9,14.9,198.4,177.6,6.1,1012.8,708.2,28.4,15.34
171.8,116.6,0.1,193.3,0.0,955.5,858.0,3.0,6.94
275.9,0.0,0.0,192.3,0.0,984.6,858.7,14.2,21.26
152.0,143.8,112.0,219.0,10.1,933.0,651.7,28.3,16.5
173.8,49.0,173.1,163.3,6.5,1019.5,773.9,3.1,23.08
276.1,0.2,0.1,186.2,0.0,1081.9,815.4,28.0,24.5
301.7,0.1,0.0,190.2,0.0,1040.2,740.1,7.0,30.96
251.4,0.0,120.4,193.8,5.7,1034.0,763.1,56.8,39.27
250.2,0.1,95.3,189.8,5.6,967.1,851.8,27.6,29.22
149.9,0.1,184.8,179.1,15.0,832.4,877.5,28.0,15.53
145.1,0.0,180.8,201.1,8.0,818.8,861.3,28.8,10.54
235.7,0.2,0.0,195.4,0.0,970.7,867.1,14.1,12.84
291.9,0.0,0.0,193.5,0.0,927.2,885.1,3.0,11.65
316.6,0.3,126.1,209.4,5.7,873.7,740.7,28.0,40.06
271.5,106.5,81.6,209.3,9.1,916.9,684.2,29.1,37.17
251.0,0.0,0.1,189.6,0.0,894.4,941.8,3.0,8.2
327.9,0.0,0.0,190.7,0.0,973.2,820.3,6.9,16.26
238.6,0.0,0.2,185.4,0.0,1122.1,796.5,27.5,17.54
325.7,279.4,0.0,182.7,10.4,945.8,670.0,7.1,49.8
213.8,0.2,123.2,177.9,5.6,1064.7,781.9,100.1,39.61
514.9,0.1,0.0,161.2,8.2,810.1,797.4,27.9,41.37
258.6,168.0,0.0,184.6,0.0,1019.4,713.3,27.9,32.05
212.8,0.2,120.7,180.3,5.7,1057.6,764.1,3.0,12.47
337.7,141.9,0.3,229.6,0.0,923.1,593.5,182.1,39.78
365.3,187.7,0.3,166.9,11.7,941.1,750.5,27.7,71.3
251.7,0.2,117.3,186.9,6.5,1011.6,766.9,27.5,32.66
346.5,0.0,0.0,189.7,0.0,1030.0,803.8,3.0,14.99
168.2,260.3,0.0,183.2,12.7,850.0,840.1,28.6,37.92
212.2,0.4,100.4,163.4,8.6,994.6,898.8,3.0,13.54
161.7,189.6,148.5,179.9,19.0,829.3,741.4,27.6,33.76
387.9,96.5,0.0,154.6,12.3,825.9,927.3,7.2,34.9
200.0,133.0,0.2,191.2,0.0,977.9,823.4,90.3,38.07
191.4,292.4,0.1,193.2,0.0,941.0,707.5,7.1,21.48
476.4,117.4,0.0,138.5,32.3,864.4,843.7,55.7,69.3
165.9,248.3,0.2,202.0,0.0,980.2,697.0,27.4,33.95
337.4,0.5,0.0,196.6,0.0,963.6,778.9,3.0,13.22
277.8,96.4,24.6,160.5,11.0,1051.1,775.9,54.5,66.82
165.4,127.6,129.0,177.4,7.8,1005.6,745.7,3.0,14.94
325.3,0.1,0.0,184.1,0.0,1047.7,800.1,7.1,17.54
139.9,211.4,0.1,191.3,0.0,1048.5,817.3,177.3,44.21
308.7,206.1,0.0,202.8,0.0,958.5,646.9,28.2,43.38
232.9,154.2,0.0,191.8,5.8,961.8,775.3,27.1,39.3
289.1,188.2,0.0,187.4,0.0,939.7,704.5,6.9,23.52
327.4,0.0,0.0,186.4,0.0,929.3,845.9,90.7,41.68
162.2,185.5,148.3,200.7,11.2,817.0,702.7,29.2,35.31
416.2,107.5,0.0,153.0,16.6,848.7,894.0,6.9,49.2
375.1,152.6,0.5,153.4,15.9,1118.4,621.0,28.1,52.2
229.0,0.1,120.6,193.5,4.6,1041.3,765.8,13.8,20.08
183.5,124.8,0.1,186.6,0.0,1063.5,763.4,28.1,17.6
263.5,115.4,0.1,231.3,0.0,943.8,654.4,267.7,51.73
400.3,94.7,0.4,148.5,11.2,936.8,855.3,28.6,68.5
318.6,148.7,0.2,183.0,7.8,946.1,700.5,28.3,52.42
149.8,234.7,0.3,173.3,11.8,1074.4,676.6,27.6,37.43
481.1,0.0,0.1,192.6,0.0,939.6,710.2,89.8,54.32
247.8,97.4,75.5,192.2,7.9,823.0,819.6,27.9,33.4
215.2,0.0,176.7,155.1,11.7,1058.8,775.6,3.0,17.37
347.3,0.0,0.0,203.5,0.0,970.4,790.2,7.0,18.13
234.0,92.3,70.7,247.8,5.9,845.1,687.8,28.2,28.63
503.8,0.1,0.0,201.5,3.0,1119.8,610.0,27.6,44.13
150.4,237.1,0.2,176.3,12.9,866.5,883.7,28.1,32.96
109.2,162.6,0.0,202.0,0.0,956.4,845.2,28.7,20.59
234.2,0.0,94.2,198.9,4.6,940.8,861.9,14.1,22.14
449.5,0.0,0.1,167.6,11.3,1025.2,753.4,28.1,78.8
521.2,0.0,0.2,171.0,5.2,841.3,835.5,28.7,60.28
500.6,0.0,0.0,199.7,0.0,1119.5,602.4,3.1,26.06
343.1,191.5,0.6,175.8,9.5,953.7,744.7,7.1,35.1
237.4,0.0,93.8,185.9,7.0,956.0,840.3,28.2,30.23
478.5,117.0,0.0,179.9,9.0,848.7,784.7,90.3,74.19
303.5,0.1,108.6,184.5,5.9,881.0,805.9,27.8,42.64
187.2,0.1,126.2,165.3,9.9,1076.7,817.0,14.2,19.42
168.7,260.6,0.0,180.3,13.0,851.3,832.1,28.0,37.91
283.8,191.9,0.0,162.6,7.6,1026.5,692.6,28.9,53.58
398.0,0.4,0.0,188.4,0.0,1032.6,727.8,27.1,33.08
152.2,238.8,0.0,174.0,12.2,1070.4,681.0,28.3,37.43
280.2,129.7,99.1,168.6,9.2,815.7,801.5,28.0,52.82
396.9,0.1,0.1,189.2,0.0,928.9,754.1,27.8,39.58
512.4,0.0,0.2,191.2,0.0,1145.0,609.9,28.2,55.94
536.4,0.2,0.4,163.4,2.5,1027.9,680.7,28.1,79.99
395.2,0.6,0.0,191.5,0.0,950.2,757.9,3.1,19.11
305.9,0.6,119.7,210.6,9.9,873.5,712.3,27.9,23.84
247.8,0.0,99.1,159.9,12.7,987.6,911.5,101.8,51.06
255.1,0.5,0.3,189.8,0.0,890.7,956.1,27.9,18.75
217.4,96.7,24.7,179.2,6.9,1076.0,789.1,56.3,50.77
264.7,115.5,0.3,230.2,0.0,916.9,672.5,28.7,45.85
182.5,0.0,166.9,172.0,7.6,1051.5,781.7,55.9,35.57
153.4,101.4,0.1,187.8,0.0,871.7,928.5,2.9,4.78
123.8,182.0,0.0,207.4,0.0,957.8,799.5,3.0,3.32
319.4,0.2,116.4,195.1,9.9,817.0,818.0,27.5,31.18
281.0,0.0,98.2,157.9,11.6,991.1,879.1,14.0,41.89
134.4,200.4,0.4,191.8,0.0,921.6,842.5,90.3,36.59
312.1,0.0,0.0,180.0,8.1,999.2,818.3,28.0,25.1
217.2,99.5,24.6,181.0,6.6,1048.0,782.3,55.4,47.13
389.0,20.4,95.5,158.7,11.6,944.5,842.6,3.0,34.77
308.1,0.0,0.2,194.2,0.0,1009.3,831.6,7.0,17.24
213.7,0.4,101.0,161.1,8.7,993.7,898.6,27.5,31.64
172.0,156.1,0.0,185.7,0.0,1036.7,726.1,7.0,10.73
322.9,214.7,0.6,156.7,14.3,850.3,878.8,89.7,68.1
150.5,180.1,138.1,165.9,18.0,958.9,702.0,28.2,36.35
209.0,0.0,101.9,159.2,10.5,1002.5,913.4,27.8,37.4
191.6,0.0,126.7,159.1,7.8,1089.7,802.6,3.0,15.04
308.2,0.0,111.9,168.7,9.9,921.4,799.7,28.8,38.46
185.3,0.0,165.6,166.0,7.6,1036.8,776.7,3.0,13.62
245.8,0.0,126.5,146.0,12.1,1075.8,799.0,14.2,42.22
163.8,75.3,166.5,165.9,8.0,1009.3,763.1,13.9,32.9
236.3,237.7,0.0,227.2,0.0,937.6,598.9,88.9,33.12
246.0,179.3,95.3,159.4,9.5,865.1,794.9,28.2,67.87
275.7,0.0,0.1,194.4,0.0,957.4,852.8,27.6,25.97
168.0,130.6,127.6,179.7,7.8,1008.7,758.7,100.4,53.66
130.5,206.8,159.6,177.4,5.6,859.5,728.4,28.5,33.31
477.8,0.0,0.0,192.1,0.0,940.8,711.5,3.0,24.4
301.2,74.7,0.2,230.0,0.0,939.1,663.7,353.3,55.26
305.2,0.0,0.0,190.4,0.0,967.4,839.0,353.0,38.11
401.6,93.8,0.0,147.0,11.4,963.5,848.0,3.0,41.1
160.2,126.4,123.4,183.2,6.4,823.5,876.3,28.6,39.4
418.2,108.6,0.1,152.5,16.6,841.5,888.8,57.1,64.3
299.3,0.0,106.3,162.5,13.0,953.1,775.6,27.9,35.86
295.7,0.0,96.0,174.3,8.8,960.4,847.6,99.1,52.04
442.5,23.8,79.3,163.7,11.7,956.3,703.3,3.0,35.36
212.3,0.2,123.3,157.4,7.7,1098.6,799.7,99.8,47.82
156.8,235.0,0.0,190.0,0.0,924.2,778.9,91.0,43.38
538.8,0.3,0.0,142.0,28.2,850.6,880.9,28.2,56.4
309.5,0.3,0.5,192.7,0.0,1012.5,820.3,121.1,38.7
122.7,182.6,0.0,203.4,0.0,955.2,807.8,90.4,33.19
151.1,0.0,183.6,165.6,16.0,1078.0,675.7,27.3,13.46
163.1,209.6,175.5,214.4,10.0,827.0,632.7,28.1,39.84
181.2,129.2,119.4,177.8,3.6,1011.5,747.7,99.5,49.99
468.4,114.7,0.0,138.8,32.2,853.6,854.7,2.9,40.2
269.8,112.8,0.1,232.7,0.0,943.8,676.4,373.1,52.91
294.4,0.0,95.9,168.4,9.4,960.6,860.2,100.7,48.97
235.3,0.0,94.4,198.4,4.5,958.9,852.1,3.0,10.38
190.9,0.0,126.8,161.7,7.8,1078.4,802.7,102.9,40.57
188.3,293.6,0.0,190.2,0.0,922.6,711.3,3.1,12.79
254.0,0.1,101.4,145.6,12.3,1017.1,891.0,101.3,45.37
208.1,312.6,0.0,186.8,0.0,987.1,694.6,28.3,37.81
331.1,144.4,0.1,226.2,0.0,942.1,593.4,88.6,37.72
354.8,0.1,0.0,204.7,0.0,977.8,756.1,14.1,22.53
538.8,0.2,0.0,173.1,0.0,1121.1,616.5,273.0,74.17
236.8,0.3,0.6,186.8,0.0,1116.2,786.9,7.0,10.34
252.3,0.2,0.0,185.0,0.0,1118.8,779.4,28.2,19.69
290.1,0.0,97.3,169.2,9.3,970.0,874.2,14.5,34.67
516.8,0.3,0.0,161.0,8.1,788.8,815.5,28.0,41.37
390.5,95.0,0.0,158.1,11.9,854.0,916.4,55.3,55.2
153.1,241.2,0.0,198.2,5.9,1003.3,674.3,27.9,26.86
234.8,0.0,120.3,196.9,6.1,1032.4,752.0,2.9,13.36
425.7,108.2,0.0,152.9,16.7,845.2,883.5,55.7,64.3
154.8,233.5,0.3,191.1,0.0,925.8,775.9,3.0,9.69
464.6,117.6,0.0,136.2,32.1,854.6,844.6,7.0,54.9
481.8,0.2,0.0,189.7,0.0,954.1,718.7,27.2,43.89
139.6,161.8,128.9,235.6,6.0,874.3,653.8,27.7,35.23
334.5,190.2,0.2,173.1,9.3,929.6,768.9,91.8,67.8
147.7,139.5,107.0,194.0,6.1,898.3,763.5,28.1,23.69
359.5,18.5,139.8,156.0,10.9,929.9,803.4,28.4,62.94
290.7,195.0,0.0,188.9,0.0,998.0,703.8,28.5,33.04
312.2,138.3,0.1,144.5,6.0,1147.4,732.5,28.3,81.75
475.2,0.0,0.0,226.4,0.0,929.5,587.0,7.1,38.6
422.5,105.3,0.1,153.7,16.2,861.7,881.5,93.0,65.2
355.7,189.1,0.0,165.6,11.6,947.0,751.0,3.0,35.3
235.3,0.0,92.4,189.7,7.1,958.7,849.6,2.9,19.93
152.2,101.9,0.0,190.3,0.0,906.1,945.7,28.1,17.96
188.4,188.5,0.0,231.5,0.0,921.4,671.8,360.6,53.69
376.5,0.0,0.0,192.5,6.6,1018.7,744.5,27.9,39.06
252.6,0.3,119.0,194.1,5.8,1044.9,753.0,14.2,20.73
200.1,131.7,0.3,192.8,0.0,981.9,829.6,28.0,28.02
346.0,0.2,0.0,200.7,0.0,984.4,778.1,53.5,29.98
311.3,143.5,0.2,180.2,8.0,852.5,815.6,28.3,40.93
494.7,25.9,122.0,208.4,3.9,875.5,691.3,2.9,25.61
343.8,0.0,0.0,198.8,0.0,943.5,784.8,7.1,20.97
272.9,0.3,121.2,159.8,9.9,1050.5,775.3,99.1,58.61
530.8,0.0,0.5,189.1,0.0,1118.7,613.4,178.1,61.92
262.9,111.2,87.3,180.3,10.5,902.4,753.0,27.7,39.42
387.7,0.4,137.4,159.4,19.6,898.3,772.7,28.1,55.55
387.5,0.7,0.2,188.2,0.0,1118.7,784.9,6.8,11.47
436.1,105.8,0.0,151.9,16.4,848.9,887.7,93.1,65.2
273.1,0.0,118.1,158.8,9.9,1056.5,783.3,54.7,56.85
394.6,97.1,0.1,158.0,12.0,859.8,924.1,2.9,28.1
118.7,174.1,0.0,193.2,0.0,905.7,896.6,3.0,6.28
275.0,0.3,0.0,186.7,0.0,1084.7,796.1,7.0,14.2
484.9,26.1,122.6,208.6,3.9,877.5,692.0,55.5,59.59
129.5,197.6,0.0,189.5,0.0,910.0,827.3,2.9,6.88
241.3,0.0,0.0,192.4,0.0,945.0,877.1,27.8,18.42
309.8,142.5,113.4,167.1,22.2,909.9,649.5,28.7,38.22
198.5,128.7,0.2,189.4,0.0,971.8,824.0,7.0,14.64
136.0,198.8,0.0,186.4,0.0,1073.6,760.1,28.0,18.2
251.5,0.1,0.0,182.5,0.0,1120.0,784.6,27.3,19.69
250.5,0.0,0.2,181.6,0.0,1101.8,832.6,7.1,12.73
364.9,18.4,141.9,155.8,10.9,947.5,807.2,7.0,38.61
203.8,11.2,142.4,206.9,1.7,949.5,803.9,7.1,15.07
333.4,190.0,0.1,172.7,9.6,938.5,750.6,28.8,49.9
342.6,38.3,0.1,224.7,0.0,926.6,663.6,91.3,50.46
384.0,0.0,0.0,187.6,0.0,960.5,760.4,14.1,27.92
227.5,0.0,118.5,195.4,4.6,1027.9,754.9,98.8,35.34
250.9,0.2,115.9,189.3,5.9,1037.5,755.4,28.0,29.65
323.3,0.0,118.1,196.0,10.5,814.8,811.4,28.9,31.18
274.2,0.0,89.0,198.5,10.8,942.4,758.9,28.3,32.24
152.0,146.4,113.7,174.9,8.0,1024.4,686.6,28.0,25.56
456.2,50.9,0.0,202.8,3.0,1126.9,620.9,27.7,39.38
220.0,54.0,124.9,142.3,11.9,1081.8,795.6,98.1,63.53
166.2,42.9,163.9,121.7,5.6,1064.5,778.8,55.5,32.85
305.0,76.7,0.0,228.9,0.0,929.6,675.4,27.8,47.81
208.9,0.2,173.2,154.7,10.2,1051.1,782.1,100.3,50.08
356.4,19.3,97.7,143.5,12.4,954.3,865.9,28.0,55.45
247.0,0.0,124.6,140.7,12.0,1072.4,804.0,55.9,60.32
401.2,0.4,0.3,185.9,0.0,1054.1,750.6,7.0,25.45
248.6,0.0,120.0,188.1,5.9,1026.0,766.1,97.9,43.58
168.3,42.3,163.6,122.7,5.7,1059.9,791.2,3.0,7.75
140.5,167.8,131.5,193.4,8.1,818.4,807.6,28.1,29.87
148.2,172.5,0.3,178.7,3.0,980.8,841.3,28.6,23.74
218.7,0.0,124.4,159.8,11.2,1094.4,804.7,56.0,37.27
211.1,53.9,123.5,153.5,9.6,996.7,794.9,100.9,56.63
155.6,185.7,0.0,192.6,8.9,893.8,857.2,27.7,23.79
293.7,0.1,0.2,193.8,0.0,1077.9,764.1,7.2,14.2
138.9,212.4,0.0,203.8,0.0,975.3,745.5,27.7,29.89
251.1,165.3,0.0,204.6,0.0,963.6,687.4,90.3,47.71
249.4,0.0,95.9,193.2,5.3,952.9,860.3,3.0,8.49
283.4,122.5,94.4,180.4,9.1,905.1,691.6,27.8,41.94
370.8,189.3,0.0,163.4,11.7,946.5,771.0,90.1,79.3
384.9,0.5,0.0,188.0,0.0,1046.2,726.8,28.2,37.42
191.2,0.0,124.6,157.7,7.7,1105.3,795.0,14.1,21.06
465.8,116.3,0.0,138.7,31.8,850.2,830.3,28.7,66.9
450.3,23.8,78.5,163.6,11.6,952.5,711.2,56.2,55.25
322.8,146.9,0.0,189.0,8.7,955.6,710.0,27.9,52.43
251.4,0.0,97.2,195.7,5.3,948.9,858.3,13.6,24.66
426.9,104.9,0.0,151.9,18.7,930.7,797.3,27.6,61.8
274.5,98.5,24.1,156.5,11.3,1060.7,785.8,28.3,63.14
252.0,0.2,117.4,189.8,6.3,1015.3,753.5,56.9,36.64
174.5,49.5,170.9,163.4,6.5,997.3,778.5,13.5,33.01
424.8,22.0,130.8,179.0,8.5,813.4,734.8,6.8,39.0
202.4,306.2,0.0,203.6,0.0,959.9,624.7,90.4,51.86
284.3,132.5,0.6,195.0,5.5,932.5,747.9,27.8,46.25
389.5,0.7,0.1,193.3,0.0,932.1,766.0,89.1,48.79
360.5,189.4,0.0,164.4,11.4,950.2,752.8,90.2,79.3
309.9,162.1,0.5,177.7,9.5,920.1,739.5,28.0,52.45
213.4,53.7,120.7,153.0,9.6,1020.2,783.3,28.0,52.2
473.2,0.0,0.0,227.2,0.0,936.0,585.7,360.2,41.93
264.6,112.7,0.0,229.6,0.0,919.7,675.9,90.5,47.03
215.0,0.0,175.3,154.7,10.2,1060.7,766.5,28.8,40.15
235.5,354.4,0.2,187.5,0.0,951.4,671.4,7.0,25.42
324.9,0.0,127.2,179.8,10.9,861.0,766.0,27.8,37.26
500.8,0.4,0.1,198.5,0.0,1123.2,616.0,180.2,51.04
214.2,0.1,175.3,154.9,10.2,1071.6,762.4,56.4,46.64
531.3,0.1,0.0,143.5,28.8,851.7,905.9,54.8,58.8
499.8,0.4,0.4,195.6,0.0,1127.9,626.2,90.6,47.22
200.6,301.4,0.0,204.8,0.0,983.5,625.8,7.0,19.54
292.9,0.0,95.5,169.6,8.9,949.5,861.4,3.0,22.95
376.6,0.5,0.2,212.0,0.0,1003.0,761.3,14.3,25.62
286.8,190.8,0.0,191.4,0.0,936.4,717.6,2.9,16.11
387.0,0.0,0.0,187.0,0.0,1054.9,731.7,27.7,37.44
164.1,0.0,164.1,175.2,4.5,1059.5,782.5,28.5,21.54
353.6,185.0,0.2,164.7,11.6,943.1,747.8,6.9,55.9
205.9,135.6,0.0,187.0,0.0,1066.4,749.7,7.0,11.96
218.5,98.7,24.7,181.6,6.8,1090.5,783.2,3.0,13.18
213.6,0.0,98.8,158.8,10.5,1003.4,899.7,97.6,47.74
441.2,176.3,0.0,185.8,11.2,875.4,712.9,55.6,71.7
365.9,190.3,0.0,163.2,11.6,961.5,746.9,55.9,77.3
364.8,187.8,0.0,165.5,11.7,935.7,755.3,3.1,35.3
239.0,0.2,0.0,189.1,0.0,1113.0,796.1,28.2,17.54
504.1,0.0,0.0,141.6,4.0,951.2,853.3,28.1,67.57
132.2,209.4,0.0,195.0,3.1,968.8,793.6,27.0,28.94
156.6,177.5,187.5,221.2,7.1,858.7,620.1,28.4,29.41
149.5,136.8,108.5,193.4,6.1,905.1,768.8,28.0,23.7
425.4,106.5,0.0,153.2,16.2,844.4,898.0,27.8,60.29
451.4,24.2,77.7,165.9,10.4,964.5,714.2,28.1,53.39
212.5,0.1,175.0,156.2,10.1,1051.1,773.6,3.0,17.57
316.8,145.8,0.2,124.4,8.1,998.0,820.0,28.2,44.52
297.8,0.0,106.8,210.9,10.9,876.5,744.3,28.5,31.87
441.6,23.8,78.8,160.9,11.6,953.5,710.5,3.0,23.35
236.3,240.0,0.1,230.1,0.0,930.2,590.8,27.6,30.08
377.5,95.1,0.6,227.7,0.0,929.4,598.6,270.5,41.15
166.0,0.0,146.6,160.0,0.0,1006.6,897.1,3.1,14.4
326.9,0.0,0.4,191.0,0.0,980.6,824.7,2.9,13.52
233.7,159.7,0.0,191.1,0.0,970.9,739.5,90.7,47.78
192.6,0.5,99.3,167.5,7.7,1016.7,909.0,27.8,25.72
260.9,99.0,76.2,188.6,6.1,931.5,749.2,27.3,33.8
201.7,306.9,0.1,207.9,0.0,949.9,642.9,28.4,41.68
281.0,0.0,0.5,194.9,0.0,960.1,859.8,365.7,33.7
151.2,181.8,138.4,166.2,18.1,939.7,694.9,27.9,36.35
190.4,0.1,125.6,167.8,9.7,1075.5,801.8,101.9,33.56
358.8,190.5,0.3,166.4,11.6,951.5,754.6,3.0,35.3
251.5,97.7,77.9,186.9,6.5,906.2,751.9,27.7,33.8
187.4,0.0,125.8,163.4,9.9,1091.7,791.5,102.6,40.39
497.2,25.5,124.4,199.3,4.0,824.0,697.5,55.7,61.86
378.6,189.4,0.2,170.1,10.1,932.4,752.0,89.2,64.9
296.0,0.0,0.0,186.5,0.0,1072.2,769.1,28.0,25.22
447.0,23.8,79.3,163.6,11.6,957.1,711.0,28.5,44.42
250.8,0.2,97.5,146.7,14.3,987.7,892.8,13.8,42.29
237.4,158.5,0.0,191.6,0.0,969.5,747.3,28.4,32.88
376.0,94.1,0.2,124.4,23.4,853.5,1012.6,57.5,60.2
299.7,0.0,0.1,183.4,0.0,1087.4,766.5,7.1,18.91
284.1,119.3,0.4,169.4,7.1,987.6,796.5,27.5,40.93
497.5,26.0,123.2,208.8,3.9,886.1,703.9,28.7,55.55
215.3,53.9,122.0,154.5,9.7,977.6,770.1,55.8,53.96
160.5,0.0,201.6,181.3,12.8,857.9,849.2,27.3,15.09
131.7,104.3,193.1,194.5,6.0,963.2,643.6,27.9,21.91
153.4,173.7,187.4,228.4,7.1,854.4,619.1,27.0,24.34
252.5,0.0,0.3,192.8,0.0,896.0,961.8,91.0,21.86
194.8,0.0,101.3,165.8,7.4,1005.4,911.4,3.0,12.45
117.6,171.0,0.0,192.2,0.0,907.8,903.5,7.0,10.09
369.5,186.0,0.3,190.4,6.7,819.2,742.4,27.4,65.91
268.2,111.8,86.2,181.1,10.1,897.4,734.4,27.2,39.42
135.8,202.3,0.0,186.0,0.0,1091.3,769.1,6.9,7.51
383.8,0.0,0.2,185.0,0.0,976.9,760.4,7.1,23.22
548.6,0.2,0.7,172.5,0.0,1113.1,605.8,89.7,69.66
