Models,Weights,Repeated5FoldMSE
CAT_engineered_5 + GP_Matern_eng,"[0.5, 0.5]",23.05377997969436
CAT_engineered_6 + GP_Matern_eng,"[0.5, 0.5]",23.072375552301388
CAT_engineered_5 + CAT_engineered_6 + GP_Matern_eng,"[0.3333333333333333, 0.3333333333333333, 0.3333333333333333]",23.23674281061379
CAT_engineered_6 + GP_Matern_eng + GBR_4,"[0.3333333333333333, 0.3333333333333333, 0.3333333333333333]",23.28363984220824
CAT_engineered_5 + GP_Matern_eng + GBR_4,"[0.3333333333333333, 0.3333333333333333, 0.3333333333333333]",23.308142128156316
GP_Matern + GP_Matern_eng + GBR_4,"[0.3333333333333333, 0.3333333333333333, 0.3333333333333333]",23.35013301020448
GP_Matern_eng + GBR_4,"[0.5, 0.5]",23.35253538590343
CAT_engineered_5 + GP_Matern + GP_Matern_eng,"[0.3333333333333333, 0.3333333333333333, 0.3333333333333333]",23.35477834218695
CAT_engineered_6 + GP_Matern + GP_Matern_eng,"[0.3333333333333333, 0.3333333333333333, 0.3333333333333333]",23.393114113485336
GP_Matern_eng + GBR_4,"[0.75, 0.25]",23.447323596731618
CAT_engineered_5 + GP_Matern,"[0.5, 0.5]",23.459835364901693
CAT_engineered_5 + CAT_engineered_6 + GP_Matern,"[0.3333333333333333, 0.3333333333333333, 0.3333333333333333]",23.474859842172595
CAT_engineered_6 + GP_Matern,"[0.5, 0.5]",23.47683355008913
CAT_engineered_6 + GP_Matern + GBR_4,"[0.3333333333333333, 0.3333333333333333, 0.3333333333333333]",23.502920789346017
CAT_engineered_5 + GP_Matern_eng,"[0.25, 0.75]",23.506047851790516
CAT_engineered_5 + GP_Matern + GBR_4,"[0.3333333333333333, 0.3333333333333333, 0.3333333333333333]",23.528133025258352
CAT_engineered_6 + GP_Matern_eng,"[0.25, 0.75]",23.54532539505924
CAT_engineered_5 + GP_Matern_eng + ET_engineered,"[0.3333333333333333, 0.3333333333333333, 0.3333333333333333]",23.59950970275006
CAT_engineered_6 + GP_Matern_eng,"[0.75, 0.25]",23.634569586305094
CAT_engineered_6 + GP_Matern_eng + ET_engineered,"[0.3333333333333333, 0.3333333333333333, 0.3333333333333333]",23.69568163487747
CAT_engineered_5 + GP_Matern_eng,"[0.75, 0.25]",23.696615498290196
GP_Matern + GBR_4,"[0.5, 0.5]",23.71620958116345
CAT_engineered_5 + GP_Matern + ET_engineered,"[0.3333333333333333, 0.3333333333333333, 0.3333333333333333]",23.782512776647376
CAT_engineered_6 + GP_Matern,"[0.75, 0.25]",23.800538053652023
CAT_engineered_5 + GP_Matern,"[0.75, 0.25]",23.863782006201813
CAT_engineered_6 + GP_Matern + ET_engineered,"[0.3333333333333333, 0.3333333333333333, 0.3333333333333333]",23.877974758810527
GP_Matern_eng + ET_engineered,"[0.75, 0.25]",24.08061819330308
GP_Matern + GBR_4,"[0.75, 0.25]",24.132204336158274
GP_Matern_eng + ET_engineered + GBR_4,"[0.3333333333333333, 0.3333333333333333, 0.3333333333333333]",24.134460427514203
GP_Matern + GP_Matern_eng + ET_engineered,"[0.3333333333333333, 0.3333333333333333, 0.3333333333333333]",24.16350332923601
CAT_engineered_5 + GP_Matern,"[0.25, 0.75]",24.222714483677652
CAT_engineered_6 + GP_Matern,"[0.25, 0.75]",24.26079398638168
GP_Matern + ET_engineered + GBR_4,"[0.3333333333333333, 0.3333333333333333, 0.3333333333333333]",24.29862741699049
GP_Matern_eng + ET_engineered,"[0.5, 0.5]",24.64596863968071
GP_Matern + ET_engineered,"[0.75, 0.25]",24.70308198107177
GP_Matern_eng + GBR_4,"[0.25, 0.75]",24.76905448209408
GP_Matern + GBR_4,"[0.25, 0.75]",24.90443509754521
GP_Matern + ET_engineered,"[0.5, 0.5]",24.926420232730106
CAT_engineered_5 + ET_engineered,"[0.75, 0.25]",24.953259324317766
CAT_engineered_5 + CAT_engineered_6 + ET_engineered,"[0.3333333333333333, 0.3333333333333333, 0.3333333333333333]",24.98091742717112
CAT_engineered_6 + ET_engineered,"[0.75, 0.25]",24.987613893166962
GP_Matern + GP_Matern_eng,"[0.25, 0.75]",25.022030357522915
GP_Matern_eng,[1.0],25.05341911457865
CAT_engineered_5 + CAT_engineered_6,"[0.5, 0.5]",25.08648604669204
CAT_engineered_6 + GBR_4,"[0.75, 0.25]",25.09397813648985
CAT_engineered_5 + CAT_engineered_6,"[0.25, 0.75]",25.097510545473167
CAT_engineered_5 + CAT_engineered_6 + GBR_4,"[0.3333333333333333, 0.3333333333333333, 0.3333333333333333]",25.127866202144396
GP_Matern + GP_Matern_eng,"[0.5, 0.5]",25.194734146496177
CAT_engineered_5 + CAT_engineered_6,"[0.75, 0.25]",25.19883400072699
CAT_engineered_6,[1.0],25.23190749707037
CAT_engineered_5 + GBR_4,"[0.75, 0.25]",25.26326131064304
CAT_engineered_5,[1.0],25.434554407578013
CAT_engineered_6 + GBR_4,"[0.5, 0.5]",25.458830581001873
CAT_engineered_5 + ET_engineered + GBR_4,"[0.3333333333333333, 0.3333333333333333, 0.3333333333333333]",25.515950506174466
CAT_engineered_6 + ET_engineered + GBR_4,"[0.3333333333333333, 0.3333333333333333, 0.3333333333333333]",25.548574431091158
GP_Matern + GP_Matern_eng,"[0.75, 0.25]",25.571530481498435
CAT_engineered_5 + GBR_4,"[0.5, 0.5]",25.583218024618972
CAT_engineered_5 + ET_engineered,"[0.5, 0.5]",25.618922501200608
CAT_engineered_6 + ET_engineered,"[0.5, 0.5]",25.766052048253353
GP_Matern,[1.0],26.15241936252969
CAT_engineered_6 + GBR_4,"[0.25, 0.75]",26.326464830606447
CAT_engineered_5 + GBR_4,"[0.25, 0.75]",26.394424549505814
GP_Matern_eng + ET_engineered,"[0.25, 0.75]",26.749470453711535
GP_Matern + ET_engineered,"[0.25, 0.75]",26.822434117504706
ET_engineered + GBR_4,"[0.25, 0.75]",26.904480761421084
ET_engineered + GBR_4,"[0.5, 0.5]",27.089387845142255
CAT_engineered_5 + ET_engineered,"[0.25, 0.75]",27.43154393822654
CAT_engineered_6 + ET_engineered,"[0.25, 0.75]",27.567221962329555
GBR_4,[1.0],27.696880885303568
ET_engineered + GBR_4,"[0.75, 0.25]",28.251602136467078
ET_engineered,[1.0],30.391123635395555
