Model,MSE,FoldSD
CAT_engineered_5,24.271648546916065,5.073165933908993
GP_Matern_eng,24.4821295799704,3.4007269957527417
CAT_engineered_6,24.588443874889496,4.365237442641968
CAT_engineered_7,24.71108770195922,4.557702583320715
GP_Matern,24.94856797711662,3.342166550608697
CAT_engineered_4,25.10805430472501,4.357553327551292
GP_Matern25,25.56923993084924,2.8932103520374444
CAT_raw_6,26.24408627225891,5.073550638072174
CAT_raw_5,26.75976468399252,4.945706997271911
GBR_4,26.923983028471525,4.7932613238219135
CAT_raw_7,27.03325847177812,4.286258454288817
CAT_raw_4,27.042618778500465,4.285109710894019
GBR_3,27.196362734459676,5.781133402535313
HGB_10,27.548399815451532,6.102562976780083
GP_RBF,27.951568230907547,3.1692453830821026
ET_engineered,28.608602970640924,3.841917601450115
HGB_20,29.239277728591958,4.947143257443971
SVR_100_0.1,29.506807075420543,3.022456573964686
GBR_2,29.996007001760916,5.940381316396496
SVR_300_0.1,30.217852865692645,3.8945059347202546
SVR_100_0.3,30.763631416118777,4.192699458024461
SVR_1000_0.03,30.790756023012396,3.1008745765327808
ET_raw,31.156675633597413,4.374698149480225
SVR_300_0.03,32.37517459932518,2.6045650205952353
SVR_300_0.3,32.82710062732767,5.161375788804266
RF_engineered,33.443753239598834,5.123810671029469
SVR_1000_0.1,34.51146838994188,3.515519606805768
SVR_100_0.03,35.37055605745307,4.648925082147683
SVR_1000_0.3,37.57725290677749,8.023371404737931
Quadratic_Ridge,38.708875600012995,3.1663792805962756
RF_raw,39.34848458784834,5.863850852704807
KNN_3,43.83706996737242,7.266985565551367
KNN_7,48.73148362739738,6.556304807190901
